{"th":0.02880775,"in":0.02571601,"he":0.02307286,"an":0.02041502,"er":0.01907521,"re":0.01860202,"on":0.01624136,"at":0.01410922,"es":0.01402172,"or":0.01366936,"en":0.01346293,"nd":0.01331414,"ti":0.01293176,"ou":0.01215096,"ng":0.01199529,"to":0.01172996,"it":0.01161365,"te":0.01160463,"al":0.01088929,"st":0.01085251,"ar":0.01079685,"nt":0.01012987,"is":0.00981627,"ed":0.00946627,"se":0.00882222,"le":0.00875616,"ve":0.00871568,"ha":0.00854014,"co":0.00803544,"me":0.0078963,"of":0.00778941,"ea":0.00774483,"as":0.00761929,"ro":0.00754878,"de":0.00734945,"ur":0.00730788,"io":0.00723027,"ne":0.00721938,"ri":0.00678945,"li":0.00673629,"ll":0.00656101,"ce":0.00646883,"ra":0.00646607,"ic":0.00643923,"hi":0.0061696,"ca":0.00614342,"si":0.00597863,"om":0.00586658,"ma":0.00581253,"ta":0.00568687,"fo":0.0055406,"ch":0.00543642,"el":0.00539474,"yo":0.00516093,"be":0.00514634,"il":0.00508995,"us":0.00507792,"ns":0.00497206,"pr":0.00495731,"la":0.00491711,"ac":0.00490312,"ec":0.00483307,"di":0.00478901,"ho":0.00475369,"pe":0.00474491,"et":0.00466619,"wi":0.00462889,"rs":0.00450028,"lo":0.00444842,"ct":0.00437174,"tr":0.00410201,"ge":0.00408903,"ut":0.00405074,"ss":0.00403955,"so":0.00397285,"ly":0.00392168,"nc":0.00390027,"ee":0.0038965,"ot":0.00386178,"ts":0.00383276,"un":0.00381887,"ie":0.00381154,"rt":0.00377078,"we":0.00370647,"no":0.00361663,"na":0.00355184,"ow":0.00353066,"em":0.00347674,"pa":0.00344563,"ni":0.00342429,"mo":0.00339136,"vi":0.0033805,"ad":0.00335619,"pl":0.00331106,"ol":0.00328538,"po":0.00327957,"ai":0.00327394,"id":0.00319492,"wh":0.00312875,"wa":0.00308665,"am":0.00306176,"ir":0.00305686,"su":0.00301682,"fi":0.0030101,"mi":0.00297522,"ke":0.00297155,"sh":0.00290409,"ul":0.00289957,"im":0.00289909,"iv":0.00288562,"ay":0.00282069,"os":0.00279133,"ig":0.00278624,"fe":0.00272833,"oo":0.00272495,"ia":0.00266756,"ev":0.00257904,"ci":0.00256651,"mp":0.00255151,"ab":0.00254877,"op":0.0025284,"bl":0.00237007,"ty":0.00236424,"tu":0.00233156,"ry":0.00226703,"av":0.00226207,"gh":0.00223606,"ov":0.00222446,"ex":0.00220142,"if":0.00219159,"ag":0.00215251,"do":0.00213969,"da":0.00211923,"wo":0.0021073,"bo":0.00210708,"sa":0.00206801,"fr":0.00206528,"ld":0.00204909,"od":0.0020074,"sp":0.00196816,"bu":0.00194699,"ap":0.00194138,"ls":0.00181983,"ck":0.00180944,"cl":0.00179703,"gr":0.00178239,"uc":0.00177637,"ba":0.00176017,"rd":0.00174166,"cr":0.00171055,"ga":0.00169288,"cu":0.00167803,"ff":0.00163899,"tt":0.00163827,"ei":0.00163079,"ep":0.00162721,"pp":0.00162147,"oc":0.00161685,"rm":0.00161626,"du":0.00158604,"gi":0.00157815,"up":0.00155229,"ak":0.00152588,"fa":0.00151383,"ki":0.00151321,"ey":0.00148527,"rn":0.00146839,"va":0.00143184,"lu":0.0014296,"qu":0.00142161,"go":0.00141869,"ef":0.00141311,"ue":0.00137554,"sc":0.00136307,"ds":0.00135671,"pi":0.00134716,"rk":0.00131868,"bi":0.00131566,"ua":0.00128359,"ht":0.00127601,"lt":0.00126451,"ew":0.00126148,"au":0.00122436,"eg":0.00122407,"um":0.00120305,"ui":0.00119993,"ru":0.0011938,"ny":0.00117445,"by":0.00116746,"fu":0.00116575,"br":0.00113958,"rc":0.00110746,"ug":0.00107932,"ye":0.0010787,"ip":0.00107628,"og":0.00104524,"mu":0.00104432,"ys":0.00102248,"ud":0.00101876,"mm":0.00101507,"oi":0.00098197,"dr":0.00096811,"pu":0.0009601,"rr":0.00095918,"rg":0.0009555,"pt":0.00093105,"nn":0.0009211,"ok":0.00090378,"cc":0.00089142,"af":0.00086868,"mb":0.00085875,"tl":0.00085431,"ms":0.00085099,"nu":0.00084538,"ft":0.00083507,"xp":0.00083487,"ib":0.00081518,"rv":0.00079756,"ob":0.00079326,"gu":0.00078579,"eo":0.00078329,"hr":0.00076989,"oa":0.00076245,"gn":0.00075815,"wn":0.00075609,"nl":0.00075257,"nf":0.0007454,"iz":0.00073907,"rl":0.00072848,"ph":0.00072161,"ub":0.00069132,"ik":0.0006828,"ks":0.00066785,"ps":0.00066525,"ju":0.00066495,"nk":0.0006613,"tw":0.00065891,"fl":0.0006388,"dd":0.00063152,"gs":0.00061063,"nv":0.00060991,"my":0.00060431,"ze":0.000599,"jo":0.00059782,"vo":0.00059646,"sk":0.00059096,"aw":0.00057761,"sy":0.0005653,"eb":0.00055243,"gl":0.00053923,"sl":0.0005241,"sm":0.00052228,"hu":0.00050958,"kn":0.00049584,"eq":0.00048511,"dy":0.00048203,"lp":0.00047139,"bs":0.00047056,"tc":0.00046473,"xt":0.00045116,"ws":0.00044896,"hy":0.00044598,"cy":0.00043415,"rf":0.00043411,"je":0.00041967,"oy":0.00040068,"rp":0.00036055,"lf":0.0003586,"oe":0.00035635,"tm":0.00035256,"yi":0.00034648,"dl":0.0003395,"gy":0.0003186,"xi":0.00030767,"eh":0.00029344,"yp":0.00029097,"dv":0.00029035,"hn":0.00028696,"lv":0.00028615,"ka":0.00028438,"ek":0.00027345,"xc":0.00027289,"cs":0.00027078,"dg":0.00026844,"nm":0.00026353,"sw":0.0002634,"ja":0.00025586,"gg":0.00025373,"xa":0.00025204,"wr":0.00025073,"eu":0.00024881,"sn":0.00024253,"za":0.00024158,"ym":0.00023914,"rb":0.00023171,"lk":0.00022497,"lm":0.00022293,"ax":0.00020711,"pm":0.00020698,"yl":0.00020618,"sf":0.00020357,"ya":0.00019885,"yt":0.00019331,"zi":0.00019086,"xe":0.00019051,"tn":0.00018896,"nj":0.00018621,"az":0.00018614,"ix":0.00018125,"tf":0.00017945,"ox":0.00017844,"hl":0.00017258,"ah":0.00017136,"iq":0.00017029,"dn":0.00017004,"uf":0.00016592,"oj":0.00016335,"kl":0.0001613,"py":0.00015612,"hs":0.00015528,"rw":0.0001496,"nh":0.00014616,"lw":0.00014597,"lc":0.00014399,"uy":0.00014278,"fy":0.00014202,"oh":0.00013979,"dm":0.00013416,"wl":0.00013367,"iu":0.00012741,"yc":0.00012368,"ko":0.00012359,"gt":0.00011834,"yn":0.00011484,"ae":0.00011413,"tp":0.00011037,"aj":0.00010646,"bt":0.00010612,"bb":0.000106,"zo":9.99098e-05,"uk":9.93413e-05,"sd":9.92139e-05,"bj":9.87875e-05,"rh":9.86115e-05,"ky":9.76754e-05,"pd":9.72922e-05,"yb":9.69713e-05,"mf":9.67989e-05,"lr":9.56987e-05,"hm":9.42666e-05,"dw":8.8739e-05,"lb":8.35451e-05,"uo":7.81715e-05,"sb":7.60756e-05,"ww":7.59848e-05,"yr":7.58363e-05,"yd":7.3492e-05,"ml":7.31445e-05,"sr":7.30876e-05,"wt":7.20342e-05,"nr":7.19764e-05,"tb":7.19141e-05,"nb":6.98815e-05,"np":6.96513e-05,"yw":6.9644e-05,"ku":6.84063e-05,"sq":6.46014e-05,"dh":6.36579e-05,"gm":6.1772e-05,"ln":6.13897e-05,"xu":6.12063e-05,"dc":6.11385e-05,"db":6.10505e-05,"hd":5.97614e-05,"mr":5.96954e-05,"aa":5.94643e-05,"lg":5.91865e-05,"fs":5.79085e-05,"pc":5.72208e-05,"nw":5.62838e-05,"kr":5.61307e-05,"ez":5.60418e-05,"ux":5.58153e-05,"mc":5.5631e-05,"ii":5.53697e-05,"bm":5.50553e-05,"td":5.4893e-05,"df":5.38212e-05,"dj":5.33664e-05,"ao":5.27301e-05,"ji":5.19683e-05,"zz":5.18977e-05,"hb":5.18619e-05,"cb":5.17629e-05,"bd":5.09423e-05,"hc":4.99246e-05,"mn":4.94827e-05,"oz":4.64434e-05,"dp":4.42301e-05,"hw":4.37809e-05,"tv":4.31198e-05,"kf":4.27458e-05,"vy":4.2688e-05,"nz":3.97395e-05,"wd":3.95423e-05,"kh":3.94231e-05,"kt":3.93085e-05,"kp":3.8047e-05,"cq":3.62876e-05,"bc":3.57558e-05,"xh":3.48564e-05,"uv":3.45529e-05,"pf":3.43787e-05,"aq":3.40147e-05,"kg":3.38369e-05,"pg":3.37562e-05,"tg":3.36425e-05,"dt":3.34894e-05,"tz":3.34234e-05,"cm":3.30117e-05,"wy":3.23241e-05,"yu":3.16529e-05,"zy":3.08516e-05,"nq":3.05912e-05,"cd":2.96542e-05,"uz":2.94113e-05,"ej":2.91601e-05,"vs":2.905e-05,"wc":2.8257e-05,"gd":2.7463e-05,"xy":2.72723e-05,"gb":2.6879e-05,"nx":2.65388e-05,"cp":2.60015e-05,"sg":2.59603e-05,"yg":2.54716e-05,"km":2.52992e-05,"bv":2.46309e-05,"ij":2.43127e-05,"vu":2.38616e-05,"yz":2.38415e-05,"mt":2.38369e-05,"zu":2.25047e-05,"pn":2.24827e-05,"hp":2.24525e-05,"kw":2.21802e-05,"ih":2.20903e-05,"gp":2.20491e-05,"wb":2.15888e-05,"iy":2.13642e-05,"cn":2.10589e-05,"bh":2.06802e-05,"gf":2.01824e-05,"kd":1.94902e-05,"kb":1.94828e-05,"lh":1.89318e-05,"zh":1.86668e-05,"xo":1.86393e-05,"pk":1.85192e-05,"zl":1.83276e-05,"md":1.82744e-05,"pb":1.82689e-05,"yf":1.82451e-05,"mg":1.82121e-05,"mw":1.79324e-05,"hf":1.75593e-05,"sv":1.75116e-05,"vp":1.67543e-05,"bn":1.62831e-05,"fc":1.592e-05,"uh":1.58861e-05,"kc":1.53607e-05,"bp":1.53598e-05,"wf":1.52452e-05,"vr":1.44228e-05,"iw":1.34665e-05,"kk":1.30815e-05,"qi":1.2943e-05,"cf":1.28596e-05,"gw":1.22902e-05,"fd":1.12707e-05,"cg":1.12322e-05,"uu":1.10974e-05,"wm":1.10727e-05,"rz":1.07976e-05,"pv":1.06986e-05,"wp":1.06638e-05,"wk":1.03979e-05,"pw":1.01842e-05,"hv":1.0033e-05,"gc":1.001e-05,"rq":9.989e-06,"mh":9.691e-06,