{"то":0.01538327,"ст":0.01287769,"но":0.0125755,"на":0.01233802,"ов":0.01180186,"ро":0.01105803,"ен":0.01062406,"по":0.01034569,"ра":0.01034305,"ос":0.01023619,"не":0.00991581,"ко":0.0098527,"ни":0.00926823,"пр":0.00910667,"от":0.00869217,"та":0.0082513,"ин":0.00803671,"ет":0.0080145,"ан":0.00781955,"ли":0.00777341,"ер":0.00770074,"ка":0.00767082,"ор":0.00762173,"ат":0.00750739,"он":0.00749176,"го":0.00742952,"во":0.00727002,"ал":0.00715837,"ре":0.00715558,"ес":0.00713249,"ть":0.00700874,"ол":0.00698127,"ва":0.0069119,"ит":0.00689104,"од":0.00685566,"ти":0.00678172,"ак":0.00666498,"ом":0.00656393,"те":0.00639324,"ас":0.0063751,"де":0.00626973,"ри":0.00596711,"ав":0.00573631,"да":0.00571564,"ль":0.00550785,"ел":0.00542965,"ог":0.00541765,"ла":0.00536937,"ло":0.00533705,"за":0.00522652,"ед":0.00522443,"ск":0.00521064,"об":0.00508978,"ар":0.00492611,"ис":0.00491642,"ем":0.00488985,"ле":0.00487439,"мо":0.00471421,"ам":0.00470455,"ве":0.00469536,"ки":0.00466193,"ме":0.00460616,"ны":0.00454915,"ив":0.00437937,"оп":0.00436889,"ил":0.00428313,"ик":0.00422649,"вс":0.00415101,"ой":0.0040555,"се":0.00401611,"че":0.00401437,"им":0.00398702,"ми":0.00391846,"до":0.0039095,"ев":0.00390711,"ди":0.00383644,"со":0.00383312,"тр":0.00382896,"же":0.0036846,"ви":0.00363207,"ма":0.00362522,"тв":0.00355492,"еп":0.00354782,"ие":0.00354587,"ии":0.00351952,"аз":0.00347501,"бо":0.00342434,"си":0.00339817,"ся":0.00333258,"ок":0.00330552,"ьн":0.00325956,"из":0.00323226,"ия":0.00321238,"ап":0.00317848,"вы":0.00316538,"ад":0.00309821,"чт":0.00309796,"эт":0.0029897,"па":0.00297911,"ир":0.00292505,"сс":0.00288227,"тс":0.00286667,"оч":0.00284558,"ру":0.00282418,"ек":0.00279457,"ид":0.0027928,"ег":0.00279253,"нн":0.00277646,"сл":0.00274422,"ут":0.00272675,"ип":0.00272286,"ое":0.00266696,"бы":0.00264279,"ож":0.00259113,"ае":0.00256821,"ая":0.00252536,"ей":0.00249812,"тн":0.00248476,"сп":0.00245933,"му":0.00244578,"хо":0.00243087,"ят":0.00234596,"уд":0.00234551,"кр":0.00231196,"пе":0.00229486,"ну":0.00225893,"ич":0.00222816,"их":0.00222566,"са":0.00222403,"ез":0.00220441,"мн":0.00215289,"оз":0.00210168,"ду":0.00209607,"ои":0.0020848,"ку":0.00203973,"ля":0.00203645,"вн":0.00201618,"дн":0.0019934,"ий":0.00198755,"ту":0.00197825,"чи":0.00197504,"нт":0.00197096,"бе":0.00196962,"ча":0.00196081,"жи":0.0019493,"ци":0.00194512,"еб":0.00193868,"ьс":0.00188388,"ус":0.00187447,"аб":0.00187037,"ты":0.00186811,"ио":0.00182454,"ян":0.00182274,"ше":0.00182103,"ые":0.0018166,"оо":0.00180803,"сь":0.00176194,"кт":0.00173236,"аю":0.0016931,"ый":0.00168041,"зн":0.00167409,"ры":0.00166652,"рт":0.00165852,"яв":0.00165702,"га":0.00165093,"ыв":0.00164147,"ьк":0.00159931,"ня":0.00159806,"ач":0.00158274,"ум":0.00158269,"уж":0.00158128,"уп":0.00157391,"аи":0.00155288,"ун":0.00154606,"уч":0.00154532,"йс":0.00153542,"ео":0.00153399,"св":0.00153245,"аж":0.00153001,"пи":0.0015244,"сн":0.00151295,"ще":0.00150826,"еч":0.00149756,"вл":0.00149037,"ее":0.0014713,"рн":0.00146169,"иб":0.00145906,"ых":0.00145657,"яп":0.0014381,"бу":0.00142132,"ют":0.00142093,"вр":0.00138073,"нс":0.00137258,"ыл":0.00136499,"лю":0.00136195,"др":0.00135261,"ши":0.00134797,"лу":0.00134457,"ах":0.00132535,"пу":0.00132367,"ги":0.00131537,"тк":0.00131157,"аг":0.00130666,"яс":0.0012971,"ым":0.00128927,"гр":0.00126843,"су":0.00126812,"ур":0.00126561,"ую":0.0012642,"жн":0.00125821,"чн":0.00124425,"бл":0.00124207,"мы":0.001236,"мп":0.00122147,"ай":0.00121498,"ук":0.00121107,"еи":0.00119983,"вп":0.00118973,"нь":0.00116588,"ыс":0.00116068,"тп":0.00115404,"би":0.00114858,"ба":0.00114692,"аш":0.00113627,"иг":0.00113481,"вк":0.00111786,"кс":0.00110994,"бр":0.00110971,"гд":0.00110641,"дл":0.0010751,"ув":0.00107487,"ьв":0.00106234,"см":0.00105949,"пл":0.00104626,"нд":0.00104173,"йн":0.00103828,"иа":0.00103151,"йп":0.00103151,"ьп":0.00102974,"зд":0.00101086,"це":0.00099472,"ул":0.00097966,"еш":0.00095721,"ао":0.00095654,"уг":0.00095409,"ря":0.00094198,"мс":0.00094095,"ош":0.00093184,"иц":0.00092839,"оя":0.00092614,"гл":0.00092543,"ям":0.00091153,"ех":0.00090676,"зв":0.00089596,"яд":0.00089535,"ып":0.000895,"жд":0.00089451,"ыт":0.00089375,"як":0.00089233,"вт":0.00089175,"ын":0.00088526,"кп":0.00087846,"жа":0.00087714,"нк":0.00087668,"ке":0.00086957,"йт":0.00086676,"ац":0.00086567,"ву":0.00086212,"еж":0.0008583,"ох":0.00085608,"зо":0.00085424,"уб":0.00085368,"кл":0.0008375,"зи":0.00083601,"дв":0.00082935,"ию":0.00082728,"щи":0.00082538,"ша":0.00082246,"кв":0.00080866,"яр":0.00080243,"рс":0.00080117,"ыб":0.00078179,"оу":0.00077995,"ещ":0.0007749,"мв":0.00077072,"ха":0.00075612,"мм":0.00075476,"лс":0.00075228,"ьт":0.00074412,"ьи":0.00074082,"фо":0.0007312,"яи":0.00071848,"ьш":0.00071811,"фи":0.00071383,"йв":0.00071076,"рм":0.00069856,"йк":0.00069811,"лн":0.00069013,"ды":0.00068634,"вд":0.00068493,"юд":0.00067849,"ау":0.0006763,"ге":0.00067615,"тя":0.00067495,"йд":0.00067229,"йр":0.00067118,"дс":0.0006588,"еа":0.0006565,"яб":0.00065639,"гу":0.00065266,"тд":0.00064844,"яз":0.00064601,"рв":0.00064357,"еу":0.00064116,"ср":0.0006387,"вв":0.00063622,"кн":0.00063155,"иш":0.00062987,"зм":0.00062816,"тт":0.00062475,"сд":0.00062428,"ьм":0.00062399,"яо":0.00061304,"ял":0.00059923,"оэ":0.00058914,"ье":0.00058898,"аа":0.00058056,"рк":0.0005768,"яе":0.00057461,"вм":0.00057278,"лк":0.00056425,"йм":0.0005632,"лы":0.0005597,"мк":0.00055961,"хп":0.00055846,"уе":0.00055012,"хв":0.00054943,"иу":0.00054935,"ьз":0.00054684,"уш":0.00054143,"зы":0.00054014,"юс":0.00053896,"хи":0.00053639,"йо":0.00053499,"йи":0.00053402,"иж":0.00053367,"бщ":0.00053135,"рф":0.00053057,"шь":0.00052946,"дп":0.00052734,"вг":0.00052472,"зу":0.00052064,"ьо":0.00051923,"ык":0.00051808,"ыи":0.00051516,"рг":0.00050968,"ья":0.00050738,"хн":0.00050266,"мя":0.00049848,"шк":0.00049428,"уз":0.00049037,"уи":0.0004831,"зе":0.00048213,"сы":0.00048104,"рь":0.00047183,"оф":0.00047178,"ца":0.00046506,"ыд":0.00046191,"хс":0.00045455,"ьд":0.00045421,"тм":0.00045326,"вз":0.00045209,"юб":0.00044974,"тл":0.00044949,"бя":0.00044223,"рж":0.00044111,"оа":0.00043874,"аэ":0.00043839,"нц":0.00043725,"ющ":0.00043183,"ьб":0.0004312,"чк":0.00042965,"чу":0.00042655,"лл":0.00042446,"сч":0.00042241,"ща":0.00042224,"ец":0.00042125,"тч":0.00042086,"ьч":0.00041353,"яч":0.0004107,"мд":0.00040943,"йч":0.0004076,"нг":0.00040673,"аф":0.00040214,"лд":0.00039995,"мб":0.00039874,"шл":0.0003984,"рд":0.00038936,"рп":0.00038933,"ху":0.00038837,"фе":0.00038733,"ыр":0.00038712,"дь":0.00038679,"зр":0.0003818,"мт":0.00038096,"ея":0.0003779,"хр":0.00037427,"тб":0.00037382,"ью":0.00037189,"лв":0.00037177,"оц":0.00037148,"дк":0.00037002,"жу":0.00036873,"ыо":0.00036843,"иэ":0.00036783,"уа":0.00036668,"юп":0.00036566,"вя":0.00036222,"дя":0.00036158,"мл":0.00035394,"фа":0.00035381,"шн":0.00035044,"шо":0.00034879,"вш":0.00034395,"бн":0.00034207,"лп":0.00034154,"ыш":0.00033922,"ух":0.00033904,"лж":0.00033851,"мч":0.00033537,"ях":0.00033458,"юч":0.00033419,"яг":0.00033323,"юн":0.00033302,"кк":0.00032212,"ьг":0.00031835,"еэ":0.00031558,"уо":0.00031434,"сё":0.00031393,"нв":0.00031376,"ущ":0.00031132,"мр":0.00031117,"еф":0.00030987,"нп":0.00030722,"ёт":0.00030517,"яу":0.00030377,"юр":0.00030164,"хк":0.00029924,"тз":0.00029887,"пы":0.00029688,"йб":0.00029347,"юв":0.00029013,"яа":0.00028886,"зб":0.00028404,"ащ":0.00028191,"йа":0.00027816,"иф":0.00027784,"гн":0.00027538,"ьр":0.00027489,"ьа":0.0002732,"ыч":0.00027245,"бс":0.00027166,"шу":0.00026696,"вб":0.00026642,"юк":0.00026293,"пп":0.00026098,"ощ":0.00025945,"эк":0.00025763,"нр":0.00025648,"яж":0.0002556,"сб":0.00025343,"ыг":0.0002534,"юг":0.00025327,"вч":0.00025321,"км":0.00025149,"ыз":0.00025036,"хд":0.00024838,"вэ":0.00024822,"йг":0.00024819,"мг":0.00024795,"зя":0.00024713,"зг":0.00024697,"яю":0.00024434,"йз":0.00024371,"рр":0.0002408,"зк":0.00023966,"цы":0.00023932,"фр":0.00023722,"дд":0.00023404,"ьу":0.00023319,"ою":0.00023237,"лч":0.00022852,"лт":0.00022637,"мз":0.00022559,"дж":0.00022346,"хм":0.00022228,"зл":0.00022115,"хт":0.00021972,"рб":0.00021933,"хл":0.00021834,"тг":0.00021693,"тэ":0.00021602,